date,ec2_usage,s3_usage,lambda_usage,rds_usage,cost
2020-01-01,60.0,100.0,150.0,75.0,8.613000006
2020-01-02,50.1,80.05,100.2,60.08,5.84982000334
2020-01-03,50.2,80.1,100.4,60.16,5.857973336679999
2020-01-04,50.3,80.15,100.6,60.24,5.866126670020001
2020-01-05,50.4,80.2,100.8,60.32,5.87428000336
2020-01-06,50.5,80.25,101.0,60.4,5.8824333367
2020-01-07,50.6,80.3,101.2,60.48,5.890586670039999
2020-01-08,60.7,80.35,101.4,60.56,6.39874000338
2020-01-09,50.8,80.4,101.6,60.64,5.9068933367200005
2020-01-10,50.9,80.45,101.8,60.72,5.91504667006
2020-01-11,51.0,80.5,102.0,60.8,5.9232000034
2020-01-12,51.1,80.55,102.2,60.88,5.931353336740001
2020-01-13,51.2,80.6,102.4,60.96,5.93950667008
2020-01-14,51.3,80.65,102.6,61.04,5.94766000342
2020-01-15,61.4,80.7,152.8,61.12,6.45664667176
2020-01-16,51.5,80.75,103.0,61.2,5.9639666701000005
2020-01-17,51.6,80.8,103.2,61.28,5.97212000344
2020-01-18,51.7,80.85,103.4,61.36,5.98027333678
2020-01-19,51.8,80.9,103.6,61.44,5.988426670119999
2020-01-20,51.9,80.95,103.8,61.52,5.99658000346
2020-01-21,52.0,81.0,104.0,61.6,6.0047333368
2020-01-22,62.1,81.05,104.2,76.68,6.88788667014
2020-01-23,52.2,81.1,104.4,61.76,6.02104000348
2020-01-24,52.3,81.15,104.6,61.84,6.029193336820001
2020-01-25,52.4,81.2,104.8,61.92,6.037346670160001
2020-01-26,52.5,81.25,105.0,62.0,6.0455000035
2020-01-27,52.6,81.3,105.2,62.08,6.05365333684
2020-01-28,52.7,81.35,105.4,62.16,6.06180667018
2020-01-29,62.8,81.4,155.6,62.24,6.57079333852
2020-01-30,52.9,81.45,105.8,62.32,6.0781133368599995
2020-01-31,53.0,101.5,106.0,62.4,7.8555200042400015
2020-02-01,53.1,81.55,106.2,62.48,6.09442000354
2020-02-02,53.2,81.6,106.4,62.56,6.10257333688
2020-02-03,53.3,81.65,106.6,62.64,6.11072667022
2020-02-04,53.4,81.7,106.8,62.72,6.118880003560001
2020-02-05,63.5,81.75,107.0,62.8,6.6270333369
2020-02-06,53.6,81.8,107.2,62.88,6.1351866702399995
2020-02-07,53.7,81.85,107.4,62.96,6.1433400035800005
2020-02-08,53.8,81.9,107.6,63.04,6.15149333692
2020-02-09,53.9,81.95,107.8,63.12,6.159646670260001
2020-02-10,54.0,82.0,108.0,63.2,6.1678000036
2020-02-11,54.1,82.05,108.2,63.28,6.17595333694
2020-02-12,64.2,82.1,158.4,78.36,7.05994000528
2020-02-13,54.3,82.15,108.6,63.44,6.19226000362
2020-02-14,54.4,82.2,108.8,63.52,6.20041333696
2020-02-15,54.5,82.25,109.0,63.6,6.2085666703
2020-02-16,54.6,82.3,109.2,63.68,6.216720003640001
2020-02-17,54.7,82.35,109.4,63.76,6.224873336980001
2020-02-18,54.8,82.4,109.6,63.84,6.23302667032
2020-02-19,64.9,82.45,109.8,63.92,6.741180003660001
2020-02-20,55.0,82.5,110.0,64.0,6.2493333369999995
2020-02-21,55.1,82.55,110.2,64.08,6.257486670340001
2020-02-22,55.2,82.6,110.4,64.16,6.265640003680001
2020-02-23,55.3,82.65,110.6,64.24,6.273793337020001
2020-02-24,55.4,82.7,110.8,64.32,6.28194667036
2020-02-25,55.5,82.75,111.0,64.4,6.290100003700001
2020-02-26,65.6,82.8,161.2,64.48,6.7990866720400005
2020-02-27,55.7,82.85,111.4,64.56,6.3064066703799995
2020-02-28,55.8,82.9,111.6,64.64,6.3145600037200005
2020-02-29,55.9,82.95,111.8,64.72,6.32271333706
2020-03-01,56.0,103.0,112.0,64.8,8.14904000448
2020-03-02,56.1,83.05,112.2,64.88,6.339020003739999
2020-03-03,56.2,83.1,112.4,64.96,6.34717333708
2020-03-04,66.3,83.15,112.6,80.04,7.23032667042
2020-03-05,56.4,83.2,112.8,65.12,6.36348000376
2020-03-06,56.5,83.25,113.0,65.2,6.3716333371
2020-03-07,56.6,83.3,113.2,65.28,6.37978667044
2020-03-08,56.7,83.35,113.4,65.36,6.387940003780001
2020-03-09,56.8,83.4,113.6,65.44,6.396093337120001
2020-03-10,56.9,83.45,113.8,65.52,6.40424667046
2020-03-11,67.0,83.5,164.0,65.6,6.9132333388
2020-03-12,57.1,83.55,114.2,65.68,6.42055333714
2020-03-13,57.2,83.6,114.4,65.76,6.42870667048
2020-03-14,57.3,83.65,114.6,65.84,6.43686000382
2020-03-15,57.4,83.7,114.8,65.92,6.445013337160001
2020-03-16,57.5,83.75,115.0,66.0,6.4531666705
2020-03-17,57.6,83.8,115.2,66.08,6.46132000384
2020-03-18,67.7,83.85,115.4,66.16,6.96947333718
2020-03-19,57.8,83.9,115.6,66.24,6.477626670519999
2020-03-20,57.9,83.95,115.8,66.32,6.48578000386
2020-03-21,58.0,84.0,116.0,66.4,6.4939333372000005
2020-03-22,58.1,84.05,116.2,66.48,6.502086670540001
2020-03-23,58.2,84.1,116.4,66.56,6.51024000388
2020-03-24,58.3,84.15,116.6,66.64,6.518393337220001
2020-03-25,68.4,84.2,166.8,81.72,7.40238000556
2020-03-26,58.5,84.25,117.0,66.8,6.5347000039
2020-03-27,58.6,84.3,117.2,66.88,6.5428533372399995
2020-03-28,58.7,84.35,117.4,66.96,6.55100667058
2020-03-29,58.8,84.4,117.6,67.04,6.55916000392
2020-03-30,58.9,84.45,117.8,67.12,6.567313337260001
2020-03-31,59.0,104.5,118.0,67.2,8.442560004719999
2020-04-01,69.1,84.55,118.2,67.28,7.083620003940001
2020-04-02,59.2,84.6,118.4,67.36,6.59177333728
2020-04-03,59.3,84.65,118.6,67.44,6.59992667062
2020-04-04,59.4,84.7,118.8,67.52,6.60808000396
2020-04-05,59.5,84.75,119.0,67.6,6.616233337300001
2020-04-06,59.6,84.8,119.2,67.68,6.624386670640001
2020-04-07,59.7,84.85,119.4,67.76,6.63254000398
2020-04-08,69.8,84.9,169.6,67.84,7.141526672320001
2020-04-09,59.9,84.95,119.8,67.92,6.64884667066
2020-04-10,60.0,85.0,120.0,68.0,6.657000004
2020-04-11,60.1,85.05,120.2,68.08,6.66515333734
2020-04-12,60.2,85.1,120.4,68.16,6.67330667068
2020-04-13,60.3,85.15,120.6,68.24,6.68146000402
2020-04-14,60.4,85.2,120.8,68.32,6.68961333736
2020-04-15,70.5,85.25,121.0,83.4,7.5727666707
2020-04-16,60.6,85.3,121.2,68.48,6.705920004040001
2020-04-17,60.7,85.35,121.4,68.56,6.71407333738
2020-04-18,60.8,85.4,121.6,68.64,6.7222266707200005
2020-04-19,60.9,85.45,121.8,68.72,6.73038000406
2020-04-20,61.0,85.5,122.0,68.8,6.738533337400001
2020-04-21,61.1,85.55,122.2,68.88,6.746686670740001
2020-04-22,71.2,85.6,172.4,68.96000000000001,7.25567333908
2020-04-23,61.3,85.65,122.6,69.04,6.76299333742
2020-04-24,61.4,85.7,122.8,69.12,6.77114667076
2020-04-25,61.5,85.75,123.0,69.2,6.7793000041
2020-04-26,61.6,85.8,123.2,69.28,6.78745333744
2020-04-27,61.7,85.85,123.4,69.36,6.79560667078
2020-04-28,61.8,85.9,123.6,69.44,6.803760004119999
2020-04-29,71.9,85.95,123.8,69.52,7.31191333746
2020-04-30,62.0,106.0,124.0,69.6,8.73608000496
2020-05-01,62.1,86.05,124.2,69.68,6.82822000414
2020-05-02,62.2,86.1,124.4,69.76,6.8363733374799995
2020-05-03,62.3,86.15,124.6,69.84,6.844526670820001
2020-05-04,62.4,86.2,124.8,69.92,6.852680004160001
2020-05-05,62.5,86.25,125.0,70.0,6.8608333375
2020-05-06,72.6,86.3,175.2,85.08,7.744820005839999
2020-05-07,62.7,86.35,125.4,70.16,6.877140004180001
2020-05-08,62.8,86.4,125.6,70.24,6.88529333752
2020-05-09,62.9,86.45,125.8,70.32,6.89344667086
2020-05-10,63.0,86.5,126.0,70.4,6.9016000042000005
2020-05-11,63.1,86.55,126.2,70.48,6.909753337540001
2020-05-12,63.2,86.6,126.4,70.56,6.91790667088
2020-05-13,73.3,86.65,126.6,70.64,7.42606000422
2020-05-14,63.4,86.7,126.8,70.72,6.934213337559999
2020-05-15,63.5,86.75,127.0,70.8,6.9423666709
2020-05-16,63.6,86.8,127.2,70.88,6.95052000424
2020-05-17,63.7,86.85,127.4,70.96000000000001,6.9586733375800005
2020-05-18,63.8,86.9,127.6,71.04,6.96682667092
2020-05-19,63.9,86.95,127.8,71.12,6.974980004260001
2020-05-20,74.0,87.0,178.0,71.2,7.483966672600001
2020-05-21,64.1,87.05,128.2,71.28,6.99128667094
2020-05-22,64.2,87.1,128.4,71.36,6.99944000428
2020-05-23,64.3,87.15,128.6,71.44,7.0075933376199995
2020-05-24,64.4,87.2,128.8,71.52,7.0157466709600005
2020-05-25,64.5,87.25,129.0,71.6,7.0239000043
2020-05-26,64.6,87.3,129.2,71.68,7.032053337640001
2020-05-27,74.7,87.35,129.4,86.76,7.91520667098
2020-05-28,64.8,87.4,129.6,71.84,7.048360004320001
2020-05-29,64.9,87.45,129.8,71.92,7.056513337660001
2020-05-30,65.0,107.5,130.0,72.0,9.0296000052
2020-05-31,65.1,87.55,130.2,72.08,7.072820004339999
2020-06-01,65.2,87.6,130.4,72.16,7.080973337680001
2020-06-02,65.3,87.65,130.6,72.24,7.089126671020001
2020-06-03,75.4,87.7,180.8,72.32,7.59811333936
2020-06-04,65.5,87.75,131.0,72.4,7.105433337700001
2020-06-05,65.6,87.8,131.2,72.48,7.11358667104
2020-06-06,65.7,87.85,131.4,72.56,7.12174000438
2020-06-07,65.8,87.9,131.6,72.64,7.12989333772
2020-06-08,65.9,87.95,131.8,72.72,7.13804667106
2020-06-09,66.0,88.0,132.0,72.8,7.1462000044
2020-06-10,76.1,88.05,132.2,72.88,7.65435333774
2020-06-11,66.2,88.1,132.4,72.96000000000001,7.162506671080001
2020-06-12,66.3,88.15,132.6,73.04,7.17066000442
2020-06-13,66.4,88.2,132.8,73.12,7.17881333776
2020-06-14,66.5,88.25,133.0,73.2,7.1869666711
2020-06-15,66.6,88.3,133.2,73.28,7.19512000444
2020-06-16,66.7,88.35,133.4,73.36,7.203273337780001
2020-06-17,76.8,88.4,183.6,88.44,8.08726000612
2020-06-18,66.9,88.45,133.8,73.52,7.219580004460001
2020-06-19,67.0,88.5,134.0,73.6,7.2277333378
2020-06-20,67.1,88.55,134.2,73.68,7.235886671140001
2020-06-21,67.2,88.6,134.4,73.76,7.24404000448
2020-06-22,67.3,88.65,134.6,73.84,7.2521933378200005
2020-06-23,67.4,88.7,134.8,73.92,7.260346671160001
2020-06-24,77.5,88.75,135.0,74.0,7.7685000045
2020-06-25,67.6,88.8,135.2,74.08,7.27665333784
2020-06-26,67.7,88.85,135.4,74.16,7.284806671179999
2020-06-27,67.8,88.9,135.6,74.24,7.29296000452
2020-06-28,67.9,88.95,135.8,74.32,7.30111333786
2020-06-29,68.0,109.0,136.0,74.4,9.32312000544
2020-06-30,68.1,89.05,136.2,74.48,7.317420004539999
2020-07-01,78.2,89.1,186.4,74.56,7.82640667288
2020-07-02,68.3,89.15,136.6,74.64,7.333726671220001
2020-07-03,68.4,89.2,136.8,74.72,7.341880004560001
2020-07-04,68.5,89.25,137.0,74.8,7.3500333379
2020-07-05,68.6,89.3,137.2,74.88,7.35818667124
2020-07-06,68.7,89.35,137.4,74.96000000000001,7.3663400045800005
2020-07-07,68.8,89.4,137.6,75.04,7.374493337920001
2020-07-08,78.9,89.45,137.8,90.12,8.25764667126
2020-07-09,69.0,89.5,138.0,75.2,7.3908000046
2020-07-10,69.1,89.55,138.2,75.28,7.39895333794
2020-07-11,69.2,89.6,138.4,75.36,7.407106671280001
2020-07-12,69.3,89.65,138.6,75.44,7.4152600046199995
2020-07-13,69.4,89.7,138.8,75.52,7.423413337960001
2020-07-14,69.5,89.75,139.0,75.6,7.4315666713
2020-07-15,79.6,89.8,189.2,75.68,7.94055333964
2020-07-16,69.7,89.85,139.4,75.76,7.447873337980001
2020-07-17,69.8,89.9,139.6,75.84,7.45602667132
2020-07-18,69.9,89.95,139.8,75.92,7.464180004660001
2020-07-19,70.0,90.0,140.0,76.0,7.472333338
2020-07-20,70.1,90.05,140.2,76.08,7.4804866713400004
2020-07-21,70.2,90.1,140.4,76.16,7.48864000468
2020-07-22,80.3,90.15,140.6,76.24000000000001,7.996793338020001
2020-07-23,70.4,90.2,140.8,76.32,7.504946671360001
2020-07-24,70.5,90.25,141.0,76.4,7.5131000047
2020-07-25,70.6,90.3,141.2,76.48,7.521253338039999
2020-07-26,70.7,90.35,141.4,76.56,7.52940667138
2020-07-27,70.8,90.4,141.6,76.64,7.53756000472
2020-07-28,70.9,90.45,141.8,76.72,7.545713338060001
2020-07-29,81.0,110.5,192.0,91.8,10.66764000768
2020-07-30,71.1,90.55,142.2,76.88,7.56202000474
2020-07-31,71.2,90.6,142.4,76.96000000000001,7.570173338080001
2020-08-01,71.3,90.65,142.6,77.03999999999999,7.578326671420001
2020-08-02,71.4,90.7,142.8,77.12,7.58648000476
2020-08-03,71.5,90.75,143.0,77.2,7.5946333380999995
2020-08-04,71.6,90.8,143.2,77.28,7.6027866714400005
2020-08-05,81.7,90.85,143.4,77.36,8.11094000478
2020-08-06,71.8,90.9,143.6,77.44,7.61909333812
2020-08-07,71.9,90.95,143.8,77.52,7.62724667146
2020-08-08,72.0,91.0,144.0,77.6,7.635400004799999
2020-08-09,72.1,91.05,144.2,77.68,7.643553338139999
2020-08-10,72.2,91.1,144.4,77.76,7.65170667148
2020-08-11,72.3,91.15,144.6,77.84,7.6598600048200005
2020-08-12,82.4,91.2,194.8,77.92,8.16884667316
2020-08-13,72.5,91.25,145.0,78.0,7.6761666715
2020-08-14,72.6,91.3,145.2,78.08,7.68432000484
2020-08-15,72.7,91.35,145.4,78.16,7.69247333818
2020-08-16,72.8,91.4,145.6,78.24000000000001,7.700626671520001
2020-08-17,72.9,91.45,145.8,78.32,7.70878000486
2020-08-18,73.0,91.5,146.0,78.4,7.7169333382000005
2020-08-19,83.1,91.55,146.2,93.48,8.60008667154
2020-08-20,73.2,91.6,146.4,78.56,7.733240004880001
2020-08-21,73.3,91.65,146.6,78.64,7.74139333822
2020-08-22,73.4,91.7,146.8,78.72,7.74954667156
2020-08-23,73.5,91.75,147.0,78.8,7.7577000049
2020-08-24,73.6,91.8,147.2,78.88,7.7658533382399995
2020-08-25,73.7,91.85,147.4,78.96000000000001,7.7740066715800005
2020-08-26,83.8,91.9,197.6,79.03999999999999,8.28299333992
2020-08-27,73.9,91.95,147.8,79.12,7.790313338260001
2020-08-28,74.0,112.0,148.0,79.2,9.910160005919998
2020-08-29,74.1,92.05,148.2,79.28,7.806620004940001
2020-08-30,74.2,92.1,148.4,79.36,7.81477333828
2020-08-31,74.3,92.15,148.6,79.44,7.82292667162
2020-09-01,74.4,92.2,148.8,79.52,7.8310800049600005
2020-09-02,84.5,92.25,149.0,79.6,8.3392333383
2020-09-03,74.6,92.3,149.2,79.68,7.84738667164
2020-09-04,74.7,92.35,149.4,79.76,7.85554000498
2020-09-05,74.8,92.4,149.6,79.84,7.86369333832
2020-09-06,74.9,92.45,149.8,79.92,7.871846671660001
2020-09-07,75.0,92.5,150.0,80.0,7.880000004999999
2020-09-08,75.1,92.55,150.2,80.08,7.88815333834
2020-09-09,85.2,92.6,200.4,95.16,8.77214000668
2020-09-10,75.3,92.65,150.6,80.24000000000001,7.904460005020001
2020-09-11,75.4,92.7,150.8,80.32,7.912613338360001
2020-09-12,75.5,92.75,151.0,80.4,7.920766671700001
2020-09-13,75.6,92.8,151.2,80.48,7.92892000504
2020-09-14,75.7,92.85,151.4,80.56,7.93707333838
2020-09-15,75.8,92.9,151.6,80.64,7.94522667172
2020-09-16,85.9,92.95,151.8,80.72,8.453380005060001
2020-09-17,76.0,93.0,152.0,80.8,7.961533338400001
2020-09-18,76.1,93.05,152.2,80.88,7.96968667174
2020-09-19,76.2,93.1,152.4,80.96000000000001,7.977840005080001
2020-09-20,76.3,93.15,152.6,81.03999999999999,7.985993338419999
2020-09-21,76.4,93.2,152.8,81.12,7.994146671760001
2020-09-22,76.5,93.25,153.0,81.2,8.0023000051
2020-09-23,86.6,93.3,203.2,81.28,8.511286673439999
2020-09-24,76.7,93.35,153.4,81.36,8.01860667178
2020-09-25,76.8,93.4,153.6,81.44,8.02676000512
2020-09-26,76.9,93.45,153.8,81.52,8.03491333846
2020-09-27,77.0,113.5,154.0,81.6,10.203680006159999
2020-09-28,77.1,93.55,154.2,81.68,8.051220005140001
2020-09-29,77.2,93.6,154.4,81.76,8.05937333848
2020-09-30,87.3,93.65,154.6,96.84,8.942526671820001
2020-10-01,77.4,93.7,154.8,81.92,8.075680005159999
2020-10-02,77.5,93.75,155.0,82.0,8.0838333385
2020-10-03,77.6,93.8,155.2,82.08,8.091986671839999
2020-10-04,77.7,93.85,155.4,82.16,8.10014000518
2020-10-05,77.8,93.9,155.6,82.24000000000001,8.10829333852
2020-10-06,77.9,93.95,155.8,82.32,8.11644667186
2020-10-07,88.0,94.0,206.0,82.4,8.6254333402
2020-10-08,78.1,94.05,156.2,82.48,8.132753338539999
2020-10-09,78.2,94.1,156.4,82.56,8.14090667188
2020-10-10,78.3,94.15,156.6,82.64,8.14906000522
2020-10-11,78.4,94.2,156.8,82.72,8.15721333856
2020-10-12,78.5,94.25,157.0,82.8,8.165366671900001
2020-10-13,78.6,94.3,157.2,82.88,8.17352000524
2020-10-14,88.7,94.35,157.4,82.96000000000001,8.681673338580001
2020-10-15,78.8,94.4,157.6,83.03999999999999,8.18982667192
2020-10-16,78.9,94.45,157.8,83.12,8.19798000526
2020-10-17,79.0,94.5,158.0,83.2,8.2061333386
2020-10-18,79.1,94.55,158.2,83.28,8.21428667194
2020-10-19,79.2,94.6,158.4,83.36,8.22244000528
2020-10-20,79.3,94.65,158.6,83.44,8.23059333862
2020-10-21,89.4,94.7,208.8,98.52,9.11458000696
2020-10-22,79.5,94.75,159.0,83.6,8.246900005299999
2020-10-23,79.6,94.8,159.2,83.68,8.25505333864
2020-10-24,79.7,94.85,159.4,83.76,8.26320667198
2020-10-25,79.8,94.9,159.6,83.84,8.271360005320002
2020-10-26,79.9,94.95,159.8,83.92,8.279513338660001
2020-10-27,80.0,115.0,160.0,84.0,10.497200006399998
2020-10-28,90.1,95.05,160.2,84.08,8.79582000534
2020-10-29,80.2,95.1,160.4,84.16,8.30397333868
2020-10-30,80.3,95.15,160.6,84.24000000000001,8.31212667202
2020-10-31,80.4,95.2,160.8,84.32,8.32028000536
2020-11-01,80.5,95.25,161.0,84.4,8.3284333387
2020-11-02,80.6,95.3,161.2,84.48,8.33658667204
2020-11-03,80.7,95.35,161.4,84.56,8.34474000538
2020-11-04,90.8,95.4,211.6,84.64,8.853726673719999
2020-11-05,80.9,95.45,161.8,84.72,8.36104667206
2020-11-06,81.0,95.5,162.0,84.8,8.3692000054
2020-11-07,81.1,95.55,162.2,84.88,8.377353338739999
2020-11-08,81.2,95.6,162.4,84.96000000000001,8.385506672080002
2020-11-09,81.3,95.65,162.6,85.03999999999999,8.393660005420001
2020-11-10,81.4,95.7,162.8,85.12,8.40181333876
2020-11-11,91.5,95.75,163.0,100.2,9.284966672100001
2020-11-12,81.6,95.8,163.2,85.28,8.41812000544
2020-11-13,81.7,95.85,163.4,85.36,8.42627333878
2020-11-14,81.8,95.9,163.6,85.44,8.43442667212
2020-11-15,81.9,95.95,163.8,85.52,8.442580005460002
2020-11-16,82.0,96.0,164.0,85.6,8.450733338800001
2020-11-17,82.1,96.05,164.2,85.68,8.45888667214
2020-11-18,92.2,96.1,214.4,85.76,8.96787334048
2020-11-19,82.30000000000001,96.15,164.60000000000002,85.84,8.475193338820002
2020-11-20,82.4,96.2,164.8,85.92,8.48334667216
2020-11-21,82.5,96.25,165.0,86.0,8.4915000055
2020-11-22,82.6,96.3,165.2,86.08,8.49965333884
2020-11-23,82.7,96.35,165.4,86.16,8.507806672180001
2020-11-24,82.80000000000001,96.4,165.60000000000002,86.24000000000001,8.51596000552
2020-11-25,92.9,96.45,165.8,86.32,9.024113338860001
2020-11-26,83.0,116.5,166.0,86.4,10.790720006639999
2020-11-27,83.1,96.55,166.2,86.48,8.540420005540001
2020-11-28,83.2,96.6,166.4,86.56,8.54857333888
2020-11-29,83.30000000000001,96.65,166.60000000000002,86.64,8.556726672220002
2020-11-30,83.4,96.7,166.8,86.72,8.564880005560001
2020-12-01,83.5,96.75,167.0,86.8,8.5730333389
2020-12-02,93.6,96.8,217.2,101.88,9.45702000724
2020-12-03,83.7,96.85,167.4,86.96000000000001,8.58934000558
2020-12-04,83.80000000000001,96.9,167.60000000000002,87.03999999999999,8.59749333892
2020-12-05,83.9,96.95,167.8,87.12,8.60564667226
2020-12-06,84.0,97.0,168.0,87.2,8.6138000056
2020-12-07,84.1,97.05,168.2,87.28,8.62195333894
2020-12-08,84.2,97.1,168.4,87.36,8.63010667228
2020-12-09,94.30000000000001,97.15,168.60000000000002,87.44,9.138260005620001
2020-12-10,84.4,97.2,168.8,87.52,8.64641333896
2020-12-11,84.5,97.25,169.0,87.6,8.6545666723
2020-12-12,84.6,97.3,169.2,87.68,8.66272000564
2020-12-13,84.7,97.35,169.4,87.76,8.67087333898
2020-12-14,84.80000000000001,97.4,169.60000000000002,87.84,8.679026672320003
2020-12-15,84.9,97.45,169.8,87.92,8.68718000566
2020-12-16,95.0,97.5,220.0,88.0,9.196166674
2020-12-17,85.1,97.55,170.2,88.08,8.703486672339999
2020-12-18,85.2,97.6,170.4,88.16,8.711640005680001
2020-12-19,85.30000000000001,97.65,170.60000000000002,88.24000000000001,8.71979333902
2020-12-20,85.4,97.7,170.8,88.32,8.72794667236
2020-12-21,85.5,97.75,171.0,88.4,8.736100005700001
2020-12-22,85.6,97.8,171.2,88.48,8.74425333904
2020-12-23,95.7,97.85,171.4,103.56,9.627406672380001
2020-12-24,85.80000000000001,97.9,171.60000000000002,88.64,8.76056000572
2020-12-25,85.9,97.95,171.8,88.72,8.76871333906
2020-12-26,86.0,118.0,172.0,88.8,11.08424000688
2020-12-27,86.1,98.05,172.2,88.88,8.78502000574
2020-12-28,86.2,98.1,172.4,88.96000000000001,8.793173339079999
2020-12-29,86.30000000000001,98.15,172.60000000000002,89.03999999999999,8.80132667242
2020-12-30,96.4,98.2,222.8,89.12,9.31031334076
2020-12-31,86.5,98.25,173.0,89.2,8.8176333391
2021-01-01,86.6,98.3,173.2,89.28,8.82578667244
2021-01-02,86.7,98.35,173.4,89.36,8.83394000578
2021-01-03,86.80000000000001,98.4,173.60000000000002,89.44,8.842093339120002
2021-01-04,86.9,98.45,173.8,89.52,8.85024667246
2021-01-05,87.0,98.5,174.0,89.6,8.8584000058
2021-01-06,97.1,98.55,174.2,89.68,9.366553339140001
2021-01-07,87.2,98.6,174.4,89.76,8.87470667248
2021-01-08,87.30000000000001,98.65,174.60000000000002,89.84,8.882860005820001
2021-01-09,87.4,98.7,174.8,89.92,8.89101333916
2021-01-10,87.5,98.75,175.0,90.0,8.8991666725
2021-01-11,87.6,98.8,175.2,90.08,8.90732000584
2021-01-12,87.7,98.85,175.4,90.16,8.91547333918
2021-01-13,97.80000000000001,98.9,225.60000000000002,105.24000000000001,9.79946000752
2021-01-14,87.9,98.95,175.8,90.32,8.93178000586
2021-01-15,88.0,99.0,176.0,90.4,8.939933339200001
2021-01-16,88.1,99.05,176.2,90.48,8.948086672539999
2021-01-17,88.2,99.1,176.4,90.56,8.95624000588
2021-01-18,88.30000000000001,99.15,176.60000000000002,90.64,8.96439333922
2021-01-19,88.4,99.2,176.8,90.72,8.972546672560002
2021-01-20,98.5,99.25,177.0,90.8,9.480700005900001
2021-01-21,88.6,99.3,177.2,90.88,8.98885333924
2021-01-22,88.7,99.35,177.4,90.96000000000001,8.997006672580001
2021-01-23,88.80000000000001,99.4,177.60000000000002,91.03999999999999,9.00516000592
2021-01-24,88.9,99.45,177.8,91.12,9.01331333926
2021-01-25,89.0,119.5,178.0,91.2,11.37776000712
2021-01-26,89.1,99.55,178.2,91.28,9.02962000594
2021-01-27,99.2,99.6,228.4,91.36,9.53860667428
2021-01-28,89.30000000000001,99.65,178.60000000000002,91.44,9.04592667262
2021-01-29,89.4,99.7,178.8,91.52,9.05408000596
2021-01-30,89.5,99.75,179.0,91.6,9.0622333393
2021-01-31,89.6,99.8,179.2,91.68,9.07038667264
2021-02-01,89.7,99.85,179.4,91.76,9.07854000598
2021-02-02,89.80000000000001,99.9,179.60000000000002,91.84,9.08669333932
2021-02-03,99.9,99.95,179.8,106.92,9.969846672660001
2021-02-04,90.0,100.0,180.0,92.0,9.103000006
2021-02-05,90.1,100.05,180.2,92.08,9.11115333934
2021-02-06,90.2,100.1,180.4,92.16,9.11930667268
2021-02-07,90.30000000000001,100.15,180.60000000000002,92.24000000000001,9.127460006020002
2021-02-08,90.4,100.2,180.8,92.32,9.135613339359999
2021-02-09,90.5,100.25,181.0,92.4,9.1437666727
2021-02-10,100.0,100.3,231.2,92.48,9.62275334104
2021-02-11,90.7,100.35,181.4,92.56,9.16007333938
2021-02-12,90.80000000000001,100.4,181.60000000000002,92.64,9.168226672720001
2021-02-13,90.9,100.45,181.8,92.72,9.176380006060002
2021-02-14,91.0,100.5,182.0,92.8,9.1845333394
2021-02-15,91.1,100.55,182.2,92.88,9.192686672739999
2021-02-16,91.2,100.6,182.4,92.96000000000001,9.20084000608
2021-02-17,100.0,100.65,182.60000000000002,93.03999999999999,9.64399333942
2021-02-18,91.4,100.7,182.8,93.12,9.217146672760002
2021-02-19,91.5,100.75,183.0,93.2,9.2253000061
2021-02-20,91.6,100.8,183.2,93.28,9.23345333944
2021-02-21,91.7,100.85,183.4,93.36,9.24160667278
2021-02-22,91.80000000000001,100.9,183.60000000000002,93.44,9.24976000612
2021-02-23,91.9,100.95,183.8,93.52000000000001,9.25791333946
2021-02-24,100.0,121.0,234.0,108.6,12.60228000936
2021-02-25,92.1,101.05,184.2,93.68,9.27422000614
2021-02-26,92.2,101.1,184.4,93.75999999999999,9.28237333948
2021-02-27,92.30000000000001,101.15,184.60000000000002,93.84,9.29052667282
2021-02-28,92.4,101.2,184.8,93.92,9.29868000616
2021-03-01,92.5,101.25,185.0,94.0,9.306833339499999
2021-03-02,92.6,101.3,185.2,94.08,9.31498667284
2021-03-03,100.0,101.35,185.4,94.16,9.68814000618
2021-03-04,92.80000000000001,101.4,185.60000000000002,94.24000000000001,9.331293339520002
2021-03-05,92.9,101.45,185.8,94.32,9.339446672860001
2021-03-06,93.0,101.5,186.0,94.4,9.3476000062
2021-03-07,93.1,101.55,186.2,94.48,9.355753339540001
2021-03-08,93.2,101.6,186.4,94.56,9.36390667288
2021-03-09,93.30000000000001,101.65,186.60000000000002,94.64,9.372060006220002
2021-03-10,100.0,101.7,236.8,94.72,9.71104667456
2021-03-11,93.5,101.75,187.0,94.80000000000001,9.3883666729
2021-03-12,93.6,101.8,187.2,94.88,9.39652000624
2021-03-13,93.7,101.85,187.4,94.96000000000001,9.40467333958
2021-03-14,93.80000000000001,101.9,187.60000000000002,95.03999999999999,9.41282667292
2021-03-15,93.9,101.95,187.8,95.12,9.42098000626
2021-03-16,94.0,102.0,188.0,95.2,9.4291333396
2021-03-17,100.0,102.05,188.2,110.28,10.10728667294
2021-03-18,94.2,102.1,188.4,95.36,9.445440006279998
2021-03-19,94.30000000000001,102.15,188.60000000000002,95.44,9.453593339620001
2021-03-20,94.4,102.2,188.8,95.52000000000001,9.46174667296
2021-03-21,94.5,102.25,189.0,95.6,9.469900006300001
2021-03-22,94.6,102.3,189.2,95.68,9.478053339639999
2021-03-23,94.7,102.35,189.4,95.75999999999999,9.48620667298
2021-03-24,100.0,102.4,239.60000000000002,95.84,9.75519334132
2021-03-25,94.9,102.45,189.8,95.92,9.50251333966
2021-03-26,95.0,122.5,190.0,96.0,11.9648000076
2021-03-27,95.1,102.55,190.2,96.08,9.51882000634
2021-03-28,95.2,102.6,190.4,96.16,9.526973339680001
2021-03-29,95.30000000000001,102.65,190.60000000000002,96.24000000000001,9.53512667302
2021-03-30,95.4,102.7,190.8,96.32,9.54328000636
2021-03-31,100.0,102.75,191.0,96.4,9.776433339699999
2021-04-01,95.6,102.8,191.2,96.48,9.55958667304
2021-04-02,95.7,102.85,191.4,96.56,9.56774000638
2021-04-03,95.80000000000001,102.9,191.60000000000002,96.64,9.57589333972
2021-04-04,95.9,102.95,191.8,96.72,9.584046673060001
2021-04-05,96.0,103.0,192.0,96.80000000000001,9.5922000064
2021-04-06,96.1,103.05,192.2,96.88,9.60035333974
2021-04-07,100.0,103.1,242.4,111.96000000000001,10.17434000808
2021-04-08,96.30000000000001,103.15,192.60000000000002,97.03999999999999,9.616660006420002
2021-04-09,96.4,103.2,192.8,97.12,9.624813339760001
2021-04-10,96.5,103.25,193.0,97.2,9.6329666731
2021-04-11,96.6,103.3,193.2,97.28,9.641120006440001
2021-04-12,96.7,103.35,193.4,97.36,9.64927333978
2021-04-13,96.80000000000001,103.4,193.60000000000002,97.44,9.657426673120002
2021-04-14,100.0,103.45,193.8,97.52000000000001,9.820580006460002
2021-04-15,97.0,103.5,194.0,97.6,9.673733339800002
2021-04-16,97.1,103.55,194.2,97.68,9.681886673140001
2021-04-17,97.2,103.6,194.4,97.75999999999999,9.69004000648
2021-04-18,97.30000000000001,103.65,194.60000000000002,97.84,9.698193339820001
2021-04-19,97.4,103.7,194.8,97.92,9.70634667316
2021-04-20,97.5,103.75,195.0,98.0,9.7145000065
2021-04-21,100.0,103.8,245.2,98.08,9.84348667484
2021-04-22,97.7,103.85,195.4,98.16,9.73080667318
2021-04-23,97.80000000000001,103.9,195.60000000000002,98.24000000000001,9.73896000652
2021-04-24,97.9,103.95,195.8,98.32,9.74711333986
2021-04-25,98.0,124.0,196.0,98.4,12.25832000784
2021-04-26,98.1,104.05,196.2,98.48,9.76342000654
2021-04-27,98.2,104.1,196.4,98.56,9.77157333988
2021-04-28,100.0,104.15,196.60000000000002,113.64,10.239726673220002
2021-04-29,98.4,104.2,196.8,98.72,9.787880006560002
2021-04-30,98.5,104.25,197.0,98.80000000000001,9.796033339900003
2021-05-01,98.6,104.3,197.2,98.88,9.804186673239998
2021-05-02,98.7,104.35,197.4,98.96000000000001,9.812340006580001
2021-05-03,98.80000000000001,104.4,197.60000000000002,99.03999999999999,9.820493339920002
2021-05-04,98.9,104.45,197.8,99.12,9.828646673260002
2021-05-05,100.0,104.5,248.0,99.2,9.8876333416
2021-05-06,99.1,104.55,198.2,99.28,9.844953339940002
2021-05-07,99.2,104.6,198.4,99.36,9.85310667328
2021-05-08,99.30000000000001,104.65,198.60000000000002,99.44,9.86126000662
2021-05-09,99.4,104.7,198.8,99.52000000000001,9.869413339960001
2021-05-10,99.5,104.75,199.0,99.6,9.8775666733
2021-05-11,99.6,104.8,199.2,99.68,9.885720006640002
2021-05-12,100.0,104.85,199.4,99.75999999999999,9.90887333998
2021-05-13,99.80000000000001,104.9,199.60000000000002,99.84,9.902026673320002
2021-05-14,99.9,104.95,199.8,99.92,9.910180006660001
2021-05-15,100.0,105.0,200.0,100.0,9.91833334
2021-05-16,100.0,105.05,200.2,100.08,9.92148667334
2021-05-17,100.0,105.1,200.4,100.16,9.92464000668
2021-05-18,100.0,105.15,200.60000000000002,100.24000000000001,9.92779334002
2021-05-19,100.0,105.2,250.8,115.32,10.30678000836
2021-05-20,100.0,105.25,201.0,100.4,9.9341000067
2021-05-21,100.0,105.3,201.2,100.48,9.937253340040002
2021-05-22,100.0,105.35,201.4,100.56,9.94040667338
2021-05-23,100.0,105.4,201.60000000000002,100.64,9.94356000672
2021-05-24,100.0,105.45,201.8,100.72,9.94671334006
2021-05-25,100.0,125.5,202.0,100.80000000000001,12.491840008079999
2021-05-26,100.0,105.55,202.2,100.88,9.953020006740001
2021-05-27,100.0,105.6,202.4,100.96000000000001,9.95617334008
2021-05-28,100.0,105.65,202.60000000000002,101.03999999999999,9.95932667342
2021-05-29,100.0,105.7,202.8,101.12,9.96248000676
2021-05-30,100.0,105.75,203.0,101.2,9.9656333401
2021-05-31,100.0,105.8,203.2,101.28,9.96878667344
2021-06-01,100.0,105.85,203.4,101.36,9.97194000678
2021-06-02,100.0,105.9,253.60000000000002,101.44,9.97592667512
2021-06-03,100.0,105.95,203.8,101.52000000000001,9.97824667346
2021-06-04,100.0,106.0,204.0,101.6,9.981400006800001
2021-06-05,100.0,106.05,204.2,101.68,9.98455334014
2021-06-06,100.0,106.1,204.4,101.75999999999999,9.98770667348
2021-06-07,100.0,106.15,204.60000000000002,101.84,9.99086000682
2021-06-08,100.0,106.2,204.8,101.92,9.99401334016
2021-06-09,100.0,106.25,205.0,117.0,10.3721666735
2021-06-10,100.0,106.3,205.2,102.08,10.00032000684
2021-06-11,100.0,106.35,205.4,102.16,10.003473340180001
2021-06-12,100.0,106.4,205.60000000000002,102.24000000000001,10.006626673520001
2021-06-13,100.0,106.45,205.8,102.32,10.00978000686
2021-06-14,100.0,106.5,206.0,102.4,10.0129333402
2021-06-15,100.0,106.55,206.2,102.48,10.01608667354
2021-06-16,100.0,106.6,256.4,102.56,10.02007334188
2021-06-17,100.0,106.65,206.60000000000002,102.64,10.022393340219999
2021-06-18,100.0,106.7,206.8,102.72,10.025546673560001
2021-06-19,100.0,106.75,207.0,102.80000000000001,10.0287000069
2021-06-20,100.0,106.8,207.2,102.88,10.031853340240001
2021-06-21,100.0,106.85,207.4,102.96000000000001,10.03500667358
2021-06-22,100.0,106.9,207.60000000000002,103.03999999999999,10.03816000692
2021-06-23,100.0,106.95,207.8,103.12,10.04131334026
2021-06-24,100.0,127.0,208.0,103.2,12.60536000832
2021-06-25,100.0,107.05,208.2,103.28,10.047620006939999
2021-06-26,100.0,107.1,208.4,103.36,10.050773340280001
2021-06-27,100.0,107.15,208.60000000000002,103.44,10.053926673620001
2021-06-28,100.0,107.2,208.8,103.52000000000001,10.057080006960001
2021-06-29,100.0,107.25,209.0,103.6,10.060233340299998
2021-06-30,100.0,107.3,259.2,118.68,10.43922000864
2021-07-01,100.0,107.35,209.4,103.75999999999999,10.066540006979999
2021-07-02,100.0,107.4,209.60000000000002,103.84,10.06969334032
2021-07-03,100.0,107.45,209.8,103.92,10.07284667366
2021-07-04,100.0,107.5,210.0,104.0,10.076000007000001
2021-07-05,100.0,107.55,210.2,104.08,10.07915334034
2021-07-06,100.0,107.6,210.4,104.16,10.08230667368
2021-07-07,100.0,107.65,210.60000000000002,104.24000000000001,10.08546000702
2021-07-08,100.0,107.7,210.8,104.32,10.08861334036
2021-07-09,100.0,107.75,211.0,104.4,10.0917666737
2021-07-10,100.0,107.8,211.2,104.48,10.094920007039999
2021-07-11,100.0,107.85,211.4,104.56,10.098073340380001
2021-07-12,100.0,107.9,211.60000000000002,104.64,10.10122667372
2021-07-13,100.0,107.95,211.8,104.72,10.104380007060001
2021-07-14,100.0,108.0,262.0,104.80000000000001,10.108366675400001
2021-07-15,100.0,108.05,212.2,104.88,10.11068667374
2021-07-16,100.0,108.1,212.4,104.96000000000001,10.11384000708
2021-07-17,100.0,108.15,212.60000000000002,105.03999999999999,10.11699334042
2021-07-18,100.0,108.2,212.8,105.12,10.12014667376
2021-07-19,100.0,108.25,213.0,105.2,10.123300007100001
2021-07-20,100.0,108.3,213.2,105.28,10.12645334044
2021-07-21,100.0,108.35,213.4,120.36,10.50460667378
2021-07-22,100.0,108.4,213.60000000000002,105.44,10.13276000712
2021-07-23,100.0,108.45,213.8,105.52000000000001,10.13591334046
2021-07-24,100.0,128.5,214.0,105.6,12.71888000856
2021-07-25,100.0,108.55,214.2,105.68,10.14222000714
2021-07-26,100.0,108.6,214.4,105.75999999999999,10.145373340479999
2021-07-27,100.0,108.65,214.60000000000002,105.84,10.148526673820001
2021-07-28,100.0,108.7,264.8,105.92,10.15251334216
2021-07-29,100.0,108.75,215.0,106.0,10.1548333405
2021-07-30,100.0,108.8,215.2,106.08,10.15798667384
2021-07-31,100.0,108.85,215.4,106.16,10.161140007179998
2021-08-01,100.0,108.9,215.60000000000002,106.24000000000001,10.16429334052
2021-08-02,100.0,108.95,215.8,106.32,10.16744667386
2021-08-03,100.0,109.0,216.0,106.4,10.170600007200001
2021-08-04,100.0,109.05,216.2,106.48,10.173753340540001
2021-08-05,100.0,109.1,216.4,106.56,10.17690667388
2021-08-06,100.0,109.15,216.60000000000002,106.64,10.18006000722
2021-08-07,100.0,109.2,216.8,106.72,10.18321334056
2021-08-08,100.0,109.25,217.0,106.80000000000001,10.1863666739
2021-08-09,100.0,109.3,217.2,106.88,10.18952000724
2021-08-10,100.0,109.35,217.4,106.96000000000001,10.19267334058
2021-08-11,100.0,109.4,267.6,122.03999999999999,10.571660008919999
2021-08-12,100.0,109.45,217.8,107.12,10.198980007260001
2021-08-13,100.0,109.5,218.0,107.2,10.2021333406
2021-08-14,100.0,109.55,218.2,107.28,10.205286673940002
2021-08-15,100.0,109.6,218.4,107.36,10.20844000728
2021-08-16,100.0,109.65,218.60000000000002,107.44,10.21159334062
2021-08-17,100.0,109.7,218.8,107.52000000000001,10.21474667396
2021-08-18,100.0,109.75,219.0,107.6,10.2179000073
2021-08-19,100.0,109.8,219.2,107.68,10.22105334064
2021-08-20,100.0,109.85,219.4,107.75999999999999,10.22420667398
2021-08-21,100.0,109.9,219.60000000000002,107.84,10.22736000732
2021-08-22,100.0,109.95,219.8,107.92,10.23051334066
2021-08-23,100.0,130.0,220.0,108.0,12.832400008799999
2021-08-24,100.0,110.05,220.2,108.08,10.23682000734
2021-08-25,100.0,110.1,270.4,108.16,10.24080667568
2021-08-26,100.0,110.15,220.60000000000002,108.24000000000001,10.24312667402
2021-08-27,100.0,110.2,220.8,108.32,10.24628000736
2021-08-28,100.0,110.25,221.0,108.4,10.249433340700001
2021-08-29,100.0,110.3,221.2,108.48,10.25258667404
2021-08-30,100.0,110.35,221.4,108.56,10.255740007380002
2021-08-31,100.0,110.4,221.60000000000002,108.64,10.25889334072
2021-09-01,100.0,110.45,221.8,123.72,10.63704667406
2021-09-02,100.0,110.5,222.0,108.80000000000001,10.2652000074
2021-09-03,100.0,110.55,222.2,108.88,10.26835334074
2021-09-04,100.0,110.6,222.4,108.96000000000001,10.27150667408
2021-09-05,100.0,110.65,222.60000000000002,109.03999999999999,10.27466000742
2021-09-06,100.0,110.7,222.8,109.12,10.27781334076
2021-09-07,100.0,110.75,223.0,109.2,10.2809666741
2021-09-08,100.0,110.8,273.2,109.28,10.284953342440001
2021-09-09,100.0,110.85,223.4,109.36,10.28727334078
2021-09-10,100.0,110.9,223.60000000000002,109.44,10.29042667412
2021-09-11,100.0,110.95,223.8,109.52000000000001,10.293580007460001
2021-09-12,100.0,111.0,224.0,109.6,10.2967333408
2021-09-13,100.0,111.05,224.2,109.68,10.29988667414
2021-09-14,100.0,111.1,224.4,109.75999999999999,10.30304000748
2021-09-15,100.0,111.15,224.60000000000002,109.84,10.30619334082
2021-09-16,100.0,111.2,224.8,109.92,10.30934667416
2021-09-17,100.0,111.25,225.0,110.0,10.312500007499999
2021-09-18,100.0,111.3,225.2,110.08,10.31565334084
2021-09-19,100.0,111.35,225.4,110.16,10.31880667418
2021-09-20,100.0,111.4,225.60000000000002,110.24000000000001,10.321960007520001
2021-09-21,100.0,111.45,225.8,110.32,10.32511334086
2021-09-22,100.0,131.5,276.0,125.4,13.39692001104
2021-09-23,100.0,111.55,226.2,110.48,10.33142000754
2021-09-24,100.0,111.6,226.4,110.56,10.334573340879999
2021-09-25,100.0,111.65,226.60000000000002,110.64,10.33772667422
2021-09-26,100.0,111.7,226.8,110.72,10.340880007560001
2021-09-27,100.0,111.75,227.0,110.80000000000001,10.344033340900001
2021-09-28,100.0,111.8,227.2,110.88,10.34718667424
2021-09-29,100.0,111.85,227.4,110.96000000000001,10.35034000758
2021-09-30,100.0,111.9,227.60000000000002,111.03999999999999,10.35349334092
2021-10-01,100.0,111.95,227.8,111.12,10.35664667426
2021-10-02,100.0,112.0,228.0,111.2,10.3598000076
2021-10-03,100.0,112.05000000000001,228.20000000000002,111.28,10.362953340939999
2021-10-04,100.0,112.1,228.4,111.36,10.366106674280001
2021-10-05,100.0,112.15,228.6,111.44,10.36926000762
2021-10-06,100.0,112.2,278.8,111.52000000000001,10.37324667596
2021-10-07,100.0,112.25,229.0,111.6,10.3755666743
2021-10-08,100.0,112.30000000000001,229.20000000000002,111.68,10.37872000764
2021-10-09,100.0,112.35,229.4,111.75999999999999,10.38187334098
2021-10-10,100.0,112.4,229.6,111.84,10.38502667432
2021-10-11,100.0,112.45,229.8,111.92,10.38818000766
2021-10-12,100.0,112.5,230.0,112.0,10.391333341000001
2021-10-13,100.0,112.55000000000001,230.20000000000002,127.08,10.76948667434
2021-10-14,100.0,112.6,230.4,112.16,10.39764000768
2021-10-15,100.0,112.65,230.6,112.24000000000001,10.40079334102
2021-10-16,100.0,112.7,230.8,112.32,10.40394667436
2021-10-17,100.0,112.75,231.0,112.4,10.407100007699999
2021-10-18,100.0,112.80000000000001,231.20000000000002,112.48,10.41025334104
2021-10-19,100.0,112.85,231.4,112.56,10.41340667438
2021-10-20,100.0,112.9,281.6,112.64,10.41739334272
2021-10-21,100.0,112.95,231.8,112.72,10.41971334106
2021-10-22,100.0,133.0,232.0,112.80000000000001,13.059440009280001
2021-10-23,100.0,113.05000000000001,232.20000000000002,112.88,10.42602000774
2021-10-24,100.0,113.1,232.4,112.96000000000001,10.42917334108
2021-10-25,100.0,113.15,232.6,113.03999999999999,10.43232667442
2021-10-26,100.0,113.2,232.8,113.12,10.43548000776
2021-10-27,100.0,113.25,233.0,113.2,10.438633341100001
2021-10-28,100.0,113.30000000000001,233.20000000000002,113.28,10.441786674440001
2021-10-29,100.0,113.35,233.4,113.36,10.44494000778
2021-10-30,100.0,113.4,233.6,113.44,10.44809334112
2021-10-31,100.0,113.45,233.8,113.52000000000001,10.45124667446
2021-11-01,100.0,113.5,234.0,113.6,10.4544000078
2021-11-02,100.0,113.55000000000001,234.20000000000002,113.68,10.45755334114
2021-11-03,100.0,113.6,284.4,128.76,10.83654000948
2021-11-04,100.0,113.65,234.6,113.84,10.46386000782
2021-11-05,100.0,113.7,234.8,113.92,10.46701334116
2021-11-06,100.0,113.75,235.0,114.0,10.4701666745
2021-11-07,100.0,113.80000000000001,235.20000000000002,114.08,10.47332000784
2021-11-08,100.0,113.85,235.4,114.16,10.47647334118
2021-11-09,100.0,113.9,235.6,114.24000000000001,10.47962667452
2021-11-10,100.0,113.95,235.8,114.32,10.48278000786
2021-11-11,100.0,114.0,236.0,114.4,10.485933341199999
2021-11-12,100.0,114.05000000000001,236.20000000000002,114.48,10.489086674540001
2021-11-13,100.0,114.1,236.4,114.56,10.49224000788
2021-11-14,100.0,114.15,236.6,114.64,10.495393341220002
2021-11-15,100.0,114.2,236.8,114.72,10.49854667456
2021-11-16,100.0,114.25,237.0,114.80000000000001,10.5017000079
2021-11-17,100.0,114.30000000000001,287.20000000000005,114.88,10.50568667624
2021-11-18,100.0,114.35,237.4,114.96000000000001,10.50800667458
2021-11-19,100.0,114.4,237.6,115.03999999999999,10.51116000792
2021-11-20,100.0,114.45,237.8,115.12,10.514313341260001
2021-11-21,100.0,134.5,238.0,115.2,13.172960009520002
2021-11-22,100.0,114.55000000000001,238.20000000000002,115.28,10.52062000794
2021-11-23,100.0,114.6,238.4,115.36,10.52377334128
2021-11-24,100.0,114.65,238.6,130.44,10.90192667462
2021-11-25,100.0,114.7,238.8,115.52000000000001,10.53008000796
2021-11-26,100.0,114.75,239.0,115.6,10.5332333413
2021-11-27,100.0,114.80000000000001,239.20000000000002,115.68,10.53638667464
2021-11-28,100.0,114.85,239.4,115.75999999999999,10.53954000798
2021-11-29,100.0,114.9,239.6,115.84,10.54269334132
2021-11-30,100.0,114.95,239.8,115.92,10.54584667466
2021-12-01,100.0,115.0,290.0,116.0,10.549833343
2021-12-02,100.0,115.05000000000001,240.20000000000002,116.08,10.55215334134
2021-12-03,100.0,115.1,240.4,116.16,10.55530667468
2021-12-04,100.0,115.15,240.6,116.24000000000001,10.55846000802
2021-12-05,100.0,115.2,240.8,116.32,10.56161334136
2021-12-06,100.0,115.25,241.0,116.4,10.5647666747
2021-12-07,100.0,115.30000000000001,241.20000000000002,116.48,10.567920008040002
2021-12-08,100.0,115.35,241.4,116.56,10.57107334138
2021-12-09,100.0,115.4,241.6,116.64,10.57422667472
2021-12-10,100.0,115.45,241.8,116.72,10.57738000806
2021-12-11,100.0,115.5,242.0,116.80000000000001,10.580533341399999
2021-12-12,100.0,115.55000000000001,242.20000000000002,116.88,10.583686674740001
2021-12-13,100.0,115.6,242.4,116.96000000000001,10.58684000808
2021-12-14,100.0,115.65,242.6,117.03999999999999,10.589993341420001
2021-12-15,100.0,115.7,292.8,132.12,10.96898000976
2021-12-16,100.0,115.75,243.0,117.2,10.5963000081
2021-12-17,100.0,115.80000000000001,243.20000000000002,117.28,10.59945334144
2021-12-18,100.0,115.85,243.4,117.36,10.60260667478
2021-12-19,100.0,115.9,243.6,117.44,10.60576000812
2021-12-20,100.0,115.95,243.8,117.52000000000001,10.608913341460001
2021-12-21,100.0,136.0,244.0,117.6,13.28648000976
2021-12-22,100.0,116.05000000000001,244.20000000000002,117.68,10.61522000814
2021-12-23,100.0,116.1,244.4,117.75999999999999,10.618373341479998
2021-12-24,100.0,116.15,244.6,117.84,10.62152667482
2021-12-25,100.0,116.2,244.8,117.92,10.62468000816
2021-12-26,100.0,116.25,245.0,118.0,10.6278333415
2021-12-27,100.0,116.30000000000001,245.20000000000002,118.08,10.630986674839999
2021-12-28,100.0,116.35,245.4,118.16,10.634140008180001
2021-12-29,100.0,116.4,295.6,118.24000000000001,10.63812667652
2021-12-30,100.0,116.45,245.8,118.32,10.640446674860002
2021-12-31,100.0,116.5,246.0,118.4,10.6436000082
2022-01-01,100.0,116.55000000000001,246.20000000000002,118.48,10.64675334154
2022-01-02,100.0,116.6,246.4,118.56,10.64990667488
2022-01-03,100.0,116.65,246.6,118.64,10.653060008219999
2022-01-04,100.0,116.7,246.8,118.72,10.65621334156
2022-01-05,100.0,116.75,247.0,133.8,11.0343666749
2022-01-06,100.0,116.80000000000001,247.20000000000002,118.88,10.662520008240001
2022-01-07,100.0,116.85,247.4,118.96000000000001,10.66567334158
2022-01-08,100.0,116.9,247.6,119.03999999999999,10.66882667492
2022-01-09,100.0,116.95,247.8,119.12,10.67198000826
2022-01-10,100.0,117.0,248.0,119.2,10.6751333416
2022-01-11,100.0,117.05000000000001,248.20000000000002,119.28,10.67828667494
2022-01-12,100.0,117.1,298.4,119.36,10.682273343279999
2022-01-13,100.0,117.15,248.6,119.44,10.68459334162
2022-01-14,100.0,117.2,248.8,119.52000000000001,10.687746674960001
2022-01-15,100.0,117.25,249.0,119.6,10.6909000083
2022-01-16,100.0,117.30000000000001,249.20000000000002,119.68,10.694053341640002
2022-01-17,100.0,117.35,249.4,119.75999999999999,10.697206674979999
2022-01-18,100.0,117.4,249.6,119.84,10.70036000832
2022-01-19,100.0,117.45,249.8,119.92,10.703513341659999
2022-01-20,100.0,137.5,250.0,120.0,13.40000001
2022-01-21,100.0,117.55000000000001,250.20000000000002,120.08,10.70982000834
2022-01-22,100.0,117.6,250.4,120.16,10.71297334168
2022-01-23,100.0,117.65,250.6,120.24000000000001,10.71612667502
2022-01-24,100.0,117.7,250.8,120.32,10.71928000836
2022-01-25,100.0,117.75,251.0,120.4,10.7224333417
2022-01-26,100.0,117.80000000000001,300.0,135.48000000000002,11.10140001
2022-01-27,100.0,117.85,251.4,120.56,10.72874000838
2022-01-28,100.0,117.9,251.6,120.64,10.73189334172
2022-01-29,100.0,117.95,251.8,120.72,10.73504667506
2022-01-30,100.0,118.0,252.0,120.80000000000001,10.7382000084
2022-01-31,100.0,118.05000000000001,252.20000000000002,120.88,10.741353341740002
2022-02-01,100.0,118.1,252.4,120.96000000000001,10.74450667508
2022-02-02,100.0,118.15,252.6,121.03999999999999,10.747660008419999
2022-02-03,100.0,118.2,252.8,121.12,10.75081334176
2022-02-04,100.0,118.25,253.0,121.2,10.7539666751
2022-02-05,100.0,118.30000000000001,253.20000000000002,121.28,10.757120008440001
2022-02-06,100.0,118.35,253.4,121.36,10.76027334178
2022-02-07,100.0,118.4,253.60000000000002,121.44,10.76342667512
2022-02-08,100.0,118.45,253.8,121.52000000000001,10.76658000846
2022-02-09,100.0,118.5,300.0,121.6,10.77050001
2022-02-10,100.0,118.55000000000001,254.20000000000002,121.68,10.77288667514
2022-02-11,100.0,118.6,254.4,121.75999999999999,10.77604000848
2022-02-12,100.0,118.65,254.60000000000002,121.84,10.779193341820001
2022-02-13,100.0,118.7,254.8,121.92,10.78234667516
2022-02-14,100.0,118.75,255.0,122.0,10.7855000085
2022-02-15,100.0,118.80000000000001,255.20000000000002,122.08,10.78865334184
2022-02-16,100.0,118.85,255.4,137.16,11.166806675179998
2022-02-17,100.0,118.9,255.60000000000002,122.24000000000001,10.79496000852
2022-02-18,100.0,118.95,255.8,122.32,10.798113341859999
2022-02-19,100.0,139.0,256.0,122.4,13.513520010239999
2022-02-20,100.0,119.05000000000001,256.20000000000005,122.48,10.80442000854
2022-02-21,100.0,119.1,256.4,122.56,10.807573341880001
2022-02-22,100.0,119.15,256.6,122.64,10.81072667522
2022-02-23,100.0,119.2,300.0,122.72,10.81460001
2022-02-24,100.0,119.25,257.0,122.80000000000001,10.8170333419
2022-02-25,100.0,119.30000000000001,257.20000000000005,122.88,10.82018667524
2022-02-26,100.0,119.35,257.4,122.96000000000001,10.82334000858
2022-02-27,100.0,119.4,257.6,123.03999999999999,10.826493341920001
2022-02-28,100.0,119.45,257.8,123.12,10.829646675260001
2022-03-01,100.0,119.5,258.0,123.2,10.8328000086
2022-03-02,100.0,119.55000000000001,258.20000000000005,123.28,10.835953341940002
2022-03-03,100.0,119.6,258.4,123.36,10.83910667528
2022-03-04,100.0,119.65,258.6,123.44,10.84226000862
2022-03-05,100.0,119.7,258.8,123.52000000000001,10.84541334196
2022-03-06,100.0,119.75,259.0,123.6,10.848566675299999
2022-03-07,100.0,119.80000000000001,259.20000000000005,123.68,10.851720008640001
2022-03-08,100.0,119.85,259.4,123.75999999999999,10.85487334198
2022-03-09,100.0,119.9,300.0,138.84,11.23370001
2022-03-10,100.0,119.95,259.8,123.92,10.86118000866
2022-03-11,100.0,120.0,260.0,124.0,10.864333342
2022-03-12,100.0,120.05000000000001,260.20000000000005,124.08,10.86748667534
2022-03-13,100.0,120.1,260.4,124.16,10.870640008679999
2022-03-14,100.0,120.15,260.6,124.24,10.87379334202
2022-03-15,100.0,120.2,260.8,124.32000000000001,10.87694667536
2022-03-16,100.0,120.25,261.0,124.4,10.880100008700001
2022-03-17,100.0,120.30000000000001,261.20000000000005,124.48,10.88325334204
2022-03-18,100.0,120.35,261.4,124.56,10.88640667538
2022-03-19,100.0,120.4,261.6,124.64,10.88956000872
2022-03-20,100.0,120.45,261.8,124.72,10.892713342060002
2022-03-21,100.0,140.5,262.0,124.8,13.627040010480002
2022-03-22,100.0,120.55000000000001,262.20000000000005,124.88,10.899020008739999
2022-03-23,100.0,120.6,300.0,124.96000000000001,10.90280001
2022-03-24,100.0,120.65,262.6,125.04,10.90532667542
2022-03-25,100.0,120.7,262.8,125.12,10.90848000876
2022-03-26,100.0,120.75,263.0,125.2,10.9116333421
2022-03-27,100.0,120.80000000000001,263.20000000000005,125.28,10.91478667544
2022-03-28,100.0,120.85,263.4,125.36,10.91794000878
2022-03-29,100.0,120.9,263.6,125.44,10.921093342119999
2022-03-30,100.0,120.95,263.8,140.51999999999998,11.299246675460001
2022-03-31,100.0,121.0,264.0,125.6,10.9274000088
2022-04-01,100.0,121.05000000000001,264.20000000000005,125.68,10.930553342140001
2022-04-02,100.0,121.1,264.4,125.76,10.93370667548
2022-04-03,100.0,121.15,264.6,125.84,10.93686000882
2022-04-04,100.0,121.2,264.8,125.92,10.94001334216
2022-04-05,100.0,121.25,265.0,126.0,10.9431666755
2022-04-06,100.0,121.30000000000001,300.0,126.08,10.94690001
2022-04-07,100.0,121.35,265.4,126.16,10.94947334218
2022-04-08,100.0,121.4,265.6,126.24,10.952626675520001
2022-04-09,100.0,121.45,265.8,126.32000000000001,10.95578000886
2022-04-10,100.0,121.5,266.0,126.4,10.958933342199998
2022-04-11,100.0,121.55000000000001,266.20000000000005,126.48,10.96208667554
2022-04-12,100.0,121.6,266.4,126.56,10.965240008879999
2022-04-13,100.0,121.65,266.6,126.64,10.96839334222
2022-04-14,100.0,121.7,266.8,126.72,10.971546675559999
2022-04-15,100.0,121.75,267.0,126.8,10.974700008900001
2022-04-16,100.0,121.80000000000001,267.20000000000005,126.88,10.97785334224
2022-04-17,100.0,121.85,267.4,126.96000000000001,10.981006675580002
2022-04-18,100.0,121.9,267.6,127.04,10.98416000892
2022-04-19,100.0,121.95,267.8,127.12,10.98731334226
2022-04-20,100.0,142.0,300.0,142.2,14.191200012
2022-04-21,100.0,122.05000000000001,268.20000000000005,127.28,10.99362000894
2022-04-22,100.0,122.1,268.4,127.36,10.996773342280001
2022-04-23,100.0,122.15,268.6,127.44,10.99992667562
2022-04-24,100.0,122.2,268.8,127.52,11.00308000896
2022-04-25,100.0,122.25,269.0,127.6,11.0062333423
2022-04-26,100.0,122.30000000000001,269.20000000000005,127.68,11.009386675640002
2022-04-27,100.0,122.35,269.4,127.76,11.01254000898
2022-04-28,100.0,122.4,269.6,127.84,11.01569334232
2022-04-29,100.0,122.45,269.8,127.92,11.01884667566
2022-04-30,100.0,122.5,270.0,128.0,11.022000009
2022-05-01,100.0,122.55000000000001,270.20000000000005,128.07999999999998,11.02515334234
2022-05-02,100.0,122.6,270.4,128.16,11.02830667568
2022-05-03,100.0,122.65,270.6,128.24,11.03146000902
2022-05-04,100.0,122.7,300.0,128.32,11.03510001
2022-05-05,100.0,122.75,271.0,128.4,11.0377666757
2022-05-06,100.0,122.80000000000001,271.20000000000005,128.48000000000002,11.04092000904
2022-05-07,100.0,122.85,271.4,128.56,11.044073342379999
2022-05-08,100.0,122.9,271.6,128.64,11.047226675720001
2022-05-09,100.0,122.95,271.8,128.72,11.05038000906
2022-05-10,100.0,123.0,272.0,128.8,11.053533342400002
2022-05-11,100.0,123.05000000000001,272.20000000000005,143.88,11.43168667574
2022-05-12,100.0,123.1,272.4,128.96,11.05984000908
2022-05-13,100.0,123.15,272.6,129.04000000000002,11.06299334242
2022-05-14,100.0,123.2,272.8,129.12,11.06614667576
2022-05-15,100.0,123.25,273.0,129.2,11.0693000091
2022-05-16,100.0,123.30000000000001,273.20000000000005,129.28,11.072453342440001
2022-05-17,100.0,123.35,273.4,129.36,11.07560667578
2022-05-18,100.0,123.4,300.0,129.44,11.079200010000001
2022-05-19,100.0,123.45,273.8,129.51999999999998,11.081913342459998
2022-05-20,100.0,143.5,274.0,129.60000000000002,13.854080010959999
2022-05-21,100.0,123.55000000000001,274.20000000000005,129.68,11.08822000914
2022-05-22,100.0,123.6,274.4,129.76,11.09137334248
2022-05-23,100.0,123.65,274.6,129.84,11.09452667582
2022-05-24,100.0,123.7,274.8,129.92000000000002,11.097680009160001
2022-05-25,100.0,123.75,275.0,130.0,11.1008333425
2022-05-26,100.0,123.80000000000001,275.20000000000005,130.07999999999998,11.10398667584
2022-05-27,100.0,123.85,275.4,130.16,11.10714000918
2022-05-28,100.0,123.9,275.6,130.24,11.11029334252
2022-05-29,100.0,123.95,275.8,130.32,11.11344667586
2022-05-30,100.0,124.0,276.0,130.4,11.1166000092
2022-05-31,100.0,124.05000000000001,276.20000000000005,130.48000000000002,11.119753342540001
2022-06-01,100.0,124.1,300.0,145.56,11.498300010000001
2022-06-02,100.0,124.15,276.6,130.64,11.126060009220001
2022-06-03,100.0,124.2,276.8,130.72,11.12921334256
2022-06-04,100.0,124.25,277.0,130.8,11.1323666759
2022-06-05,100.0,124.30000000000001,277.20000000000005,130.88,11.13552000924
2022-06-06,100.0,124.35,277.4,130.96,11.13867334258
2022-06-07,100.0,124.4,277.6,131.04000000000002,11.14182667592
2022-06-08,100.0,124.45,277.8,131.12,11.14498000926
2022-06-09,100.0,124.5,278.0,131.2,11.1481333426
2022-06-10,100.0,124.55000000000001,278.20000000000005,131.28,11.15128667594
2022-06-11,100.0,124.6,278.4,131.36,11.154440009280002
2022-06-12,100.0,124.65,278.6,131.44,11.15759334262
2022-06-13,100.0,124.7,278.8,131.51999999999998,11.16074667596
2022-06-14,100.0,124.75,279.0,131.60000000000002,11.1639000093
2022-06-15,100.0,124.80000000000001,300.0,131.68,11.16740001
2022-06-16,100.0,124.85,279.4,131.76,11.17020667598
2022-06-17,100.0,124.9,279.6,131.84,11.17336000932
2022-06-18,100.0,124.95,279.8,131.92000000000002,11.17651334266
2022-06-19,100.0,145.0,280.0,132.0,13.9676000112
2022-06-20,100.0,125.05000000000001,280.20000000000005,132.07999999999998,11.18282000934
2022-06-21,100.0,125.1,280.4,132.16,11.18597334268
2022-06-22,100.0,125.15,280.6,147.24,11.56412667602
2022-06-23,100.0,125.2,280.8,132.32,11.192280009360001
2022-06-24,100.0,125.25,281.0,132.4,11.1954333427
2022-06-25,100.0,125.30000000000001,281.20000000000005,132.48000000000002,11.198586676040001
2022-06-26,100.0,125.35,281.4,132.56,11.20174000938
2022-06-27,100.0,125.4,281.6,132.64,11.20489334272
2022-06-28,100.0,125.45,281.8,132.72,11.20804667606
2022-06-29,100.0,125.5,300.0,132.8,11.21150001
2022-06-30,100.0,125.55000000000001,282.20000000000005,132.88,11.21435334274
2022-07-01,100.0,125.6,282.4,132.96,11.21750667608
2022-07-02,100.0,125.65,282.6,133.04000000000002,11.220660009420001
2022-07-03,100.0,125.7,282.8,133.12,11.22381334276
2022-07-04,100.0,125.75,283.0,133.2,11.2269666761
2022-07-05,100.0,125.80000000000001,283.20000000000005,133.28,11.23012000944
2022-07-06,100.0,125.85,283.4,133.36,11.23327334278
2022-07-07,100.0,125.9,283.6,133.44,11.23642667612
2022-07-08,100.0,125.95,283.8,133.51999999999998,11.239580009460001
2022-07-09,100.0,126.0,284.0,133.60000000000002,11.242733342800001
2022-07-10,100.0,126.05000000000001,284.20000000000005,133.68,11.245886676140001
2022-07-11,100.0,126.1,284.4,133.76,11.24904000948
2022-07-12,100.0,126.15,284.6,133.84,11.25219334282
2022-07-13,100.0,126.2,300.0,148.92000000000002,11.63060001
2022-07-14,100.0,126.25,285.0,134.0,11.2585000095
2022-07-15,100.0,126.30000000000001,285.20000000000005,134.07999999999998,11.261653342839999
2022-07-16,100.0,126.35,285.4,134.16,11.264806676180001
2022-07-17,100.0,126.4,285.6,134.24,11.26796000952
2022-07-18,100.0,126.45,285.8,134.32,11.27111334286
2022-07-19,100.0,146.5,286.0,134.4,14.081120011440001
2022-07-20,100.0,126.55000000000001,286.20000000000005,134.48000000000002,11.27742000954
2022-07-21,100.0,126.6,286.4,134.56,11.28057334288
2022-07-22,100.0,126.65,286.6,134.64,11.283726676219999
2022-07-23,100.0,126.7,286.8,134.72,11.28688000956
2022-07-24,100.0,126.75,287.0,134.8,11.290033342900001
2022-07-25,100.0,126.80000000000001,287.20000000000005,134.88,11.293186676240001
2022-07-26,100.0,126.85,287.4,134.96,11.29634000958
2022-07-27,100.0,126.9,300.0,135.04000000000002,11.29970001
2022-07-28,100.0,126.95,287.8,135.12,11.30264667626
2022-07-29,100.0,127.0,288.0,135.2,11.305800009599999
2022-07-30,100.0,127.05000000000001,288.20000000000005,135.28,11.30895334294
2022-07-31,100.0,127.1,288.4,135.36,11.312106676279999
2022-08-01,100.0,127.15,288.6,135.44,11.315260009620001
2022-08-02,100.0,127.2,288.8,135.51999999999998,11.31841334296
2022-08-03,100.0,127.25,289.0,150.0,11.681566676300001
2022-08-04,100.0,127.30000000000001,289.20000000000005,135.68,11.32472000964
2022-08-05,100.0,127.35,289.4,135.76,11.32787334298
2022-08-06,100.0,127.4,289.6,135.84,11.33102667632
2022-08-07,100.0,127.45,289.8,135.92000000000002,11.33418000966
2022-08-08,100.0,127.5,290.0,136.0,11.337333343000001
2022-08-09,100.0,127.55000000000001,290.20000000000005,136.07999999999998,11.34048667634
2022-08-10,100.0,127.6,300.0,136.16,11.343800009999999
2022-08-11,100.0,127.65,290.6,136.24,11.34679334302
2022-08-12,100.0,127.7,290.8,136.32,11.34994667636
2022-08-13,100.0,127.75,291.0,136.4,11.3531000097
2022-08-14,100.0,127.80000000000001,291.20000000000005,136.48000000000002,11.35625334304
2022-08-15,100.0,127.85,291.4,136.56,11.35940667638
2022-08-16,100.0,127.9,291.6,136.64,11.36256000972
2022-08-17,100.0,127.95,291.8,136.72,11.365713343060001
2022-08-18,100.0,148.0,292.0,136.8,14.19464001168
2022-08-19,100.0,128.05,292.20000000000005,136.88,11.37202000974
2022-08-20,100.0,128.1,292.4,136.96,11.37517334308
2022-08-21,100.0,128.15,292.6,137.04000000000002,11.37832667642
2022-08-22,100.0,128.2,292.8,137.12,11.38148000976
2022-08-23,100.0,128.25,293.0,137.2,11.384633343099999
2022-08-24,100.0,128.3,300.0,150.0,11.70590001
2022-08-25,100.0,128.35,293.4,137.36,11.390940009780001
2022-08-26,100.0,128.4,293.6,137.44,11.394093343120002
2022-08-27,100.0,128.45,293.8,137.51999999999998,11.39724667646
2022-08-28,100.0,128.5,294.0,137.60000000000002,11.4004000098
2022-08-29,100.0,128.55,294.20000000000005,137.68,11.40355334314
2022-08-30,100.0,128.6,294.4,137.76,11.406706676479999
2022-08-31,100.0,128.65,294.6,137.84,11.40986000982
2022-09-01,100.0,128.7,294.8,137.92000000000002,11.41301334316
2022-09-02,100.0,128.75,295.0,138.0,11.4161666765
2022-09-03,100.0,128.8,295.20000000000005,138.07999999999998,11.41932000984
2022-09-04,100.0,128.85,295.4,138.16,11.42247334318
2022-09-05,100.0,128.9,295.6,138.24,11.42562667652
2022-09-06,100.0,128.95,295.8,138.32,11.428780009859999
2022-09-07,100.0,129.0,300.0,138.4,11.432000010000001
2022-09-08,100.0,129.05,296.20000000000005,138.48000000000002,11.43508667654
2022-09-09,100.0,129.1,296.4,138.56,11.438240009880001
2022-09-10,100.0,129.15,296.6,138.64,11.44139334322
2022-09-11,100.0,129.2,296.8,138.72,11.44454667656
2022-09-12,100.0,129.25,297.0,138.8,11.4477000099
2022-09-13,100.0,129.3,297.20000000000005,138.88,11.45085334324
2022-09-14,100.0,129.35,297.4,150.0,11.73000667658
2022-09-15,100.0,129.4,297.6,139.04000000000002,11.45716000992
2022-09-16,100.0,129.45,297.8,139.12,11.46031334326
2022-09-17,100.0,149.5,298.0,139.2,14.30816001192
2022-09-18,100.0,129.55,298.20000000000005,139.28,11.466620009940002
2022-09-19,100.0,129.6,298.4,139.36,11.46977334328
2022-09-20,100.0,129.65,298.6,139.44,11.47292667662
2022-09-21,100.0,129.7,300.0,139.51999999999998,11.47610001
2022-09-22,100.0,129.75,299.0,139.60000000000002,11.4792333433
2022-09-23,100.0,129.8,299.20000000000005,139.68,11.482386676640001
2022-09-24,100.0,129.85,299.4,139.76,11.48554000998
2022-09-25,100.0,129.9,299.6,139.84,11.488693343320001
2022-09-26,100.0,129.95,299.8,139.92000000000002,11.49184667666
2022-09-27,100.0,130.0,300.0,140.0,11.49500001
2022-09-28,100.0,130.05,300.0,140.07999999999998,11.49815001
2022-09-29,100.0,130.1,300.0,140.16,11.50130001
2022-09-30,100.0,130.15,300.0,140.24,11.50445001
2022-10-01,100.0,130.2,300.0,140.32,11.50760001
2022-10-02,100.0,130.25,300.0,140.4,11.51075001
2022-10-03,100.0,130.3,300.0,140.48000000000002,11.51390001
2022-10-04,100.0,130.35,300.0,140.56,11.517050009999998
2022-10-05,100.0,130.4,300.0,150.0,11.75420001
2022-10-06,100.0,130.45,300.0,140.72,11.52335001
2022-10-07,100.0,130.5,300.0,140.8,11.52650001
2022-10-08,100.0,130.55,300.0,140.88,11.52965001
2022-10-09,100.0,130.6,300.0,140.96,11.53280001
2022-10-10,100.0,130.65,300.0,141.04000000000002,11.53595001
2022-10-11,100.0,130.7,300.0,141.12,11.53910001
2022-10-12,100.0,130.75,300.0,141.2,11.542250009999998
2022-10-13,100.0,130.8,300.0,141.28,11.54540001
2022-10-14,100.0,130.85,300.0,141.36,11.548550010000001
2022-10-15,100.0,130.9,300.0,141.44,11.55170001
2022-10-16,100.0,130.95,300.0,141.51999999999998,11.55485001
2022-10-17,100.0,151.0,300.0,141.60000000000002,14.421600011999999
2022-10-18,100.0,131.05,300.0,141.68,11.56115001
2022-10-19,100.0,131.1,300.0,141.76,11.56430001
2022-10-20,100.0,131.15,300.0,141.84,11.567450010000002
2022-10-21,100.0,131.2,300.0,141.92000000000002,11.57060001
2022-10-22,100.0,131.25,300.0,142.0,11.573750010000001
2022-10-23,100.0,131.3,300.0,142.07999999999998,11.57690001
2022-10-24,100.0,131.35,300.0,142.16,11.580050009999999
2022-10-25,100.0,131.4,300.0,142.24,11.58320001
2022-10-26,100.0,131.45,300.0,150.0,11.77835001
2022-10-27,100.0,131.5,300.0,142.4,11.58950001
2022-10-28,100.0,131.55,300.0,142.48000000000002,11.592650010000002
2022-10-29,100.0,131.6,300.0,142.56,11.59580001
2022-10-30,100.0,131.65,300.0,142.64,11.59895001
2022-10-31,100.0,131.7,300.0,142.72,11.60210001
2022-11-01,100.0,131.75,300.0,142.8,11.60525001
2022-11-02,100.0,131.8,300.0,142.88,11.60840001
2022-11-03,100.0,131.85,300.0,142.96,11.61155001
2022-11-04,100.0,131.9,300.0,143.04000000000002,11.61470001
2022-11-05,100.0,131.95,300.0,143.12,11.617850009999998
2022-11-06,100.0,132.0,300.0,143.2,11.62100001
2022-11-07,100.0,132.05,300.0,143.28,11.624150010000001
2022-11-08,100.0,132.1,300.0,143.36,11.627300009999999
2022-11-09,100.0,132.15,300.0,143.44,11.63045001
2022-11-10,100.0,132.2,300.0,143.51999999999998,11.633600009999999
2022-11-11,100.0,132.25,300.0,143.60000000000002,11.63675001
2022-11-12,100.0,132.3,300.0,143.68,11.63990001
2022-11-13,100.0,132.35,300.0,143.76,11.64305001
2022-11-14,100.0,132.4,300.0,143.84,11.64620001
2022-11-15,100.0,132.45,300.0,143.92000000000002,11.649350010000001
2022-11-16,100.0,152.5,300.0,150.0,14.715000011999999
2022-11-17,100.0,132.55,300.0,144.07999999999998,11.65565001
2022-11-18,100.0,132.6,300.0,144.16,11.65880001
2022-11-19,100.0,132.65,300.0,144.24,11.66195001
2022-11-20,100.0,132.7,300.0,144.32,11.66510001
2022-11-21,100.0,132.75,300.0,144.4,11.668250010000001
2022-11-22,100.0,132.8,300.0,144.48000000000002,11.671400010000001
2022-11-23,100.0,132.85,300.0,144.56,11.67455001
2022-11-24,100.0,132.9,300.0,144.64,11.677700009999999
2022-11-25,100.0,132.95,300.0,144.72,11.68085001
2022-11-26,100.0,133.0,300.0,144.8,11.684000010000002
2022-11-27,100.0,133.05,300.0,144.88,11.68715001
2022-11-28,100.0,133.1,300.0,144.96,11.69030001
2022-11-29,100.0,133.15,300.0,145.04000000000002,11.693450010000001
2022-11-30,100.0,133.2,300.0,145.12,11.69660001
2022-12-01,100.0,133.25,300.0,145.2,11.699750009999999
2022-12-02,100.0,133.3,300.0,145.28,11.702900009999999
2022-12-03,100.0,133.35,300.0,145.36,11.70605001
2022-12-04,100.0,133.4,300.0,145.44,11.70920001
2022-12-05,100.0,133.45,300.0,145.51999999999998,11.71235001
2022-12-06,100.0,133.5,300.0,145.60000000000002,11.71550001
2022-12-07,100.0,133.55,300.0,150.0,11.82665001
2022-12-08,100.0,133.6,300.0,145.76,11.72180001
2022-12-09,100.0,133.65,300.0,145.84,11.72495001
2022-12-10,100.0,133.7,300.0,145.92000000000002,11.728100009999999
2022-12-11,100.0,133.75,300.0,146.0,11.73125001
2022-12-12,100.0,133.8,300.0,146.07999999999998,11.73440001
2022-12-13,100.0,133.85,300.0,146.16,11.73755001
2022-12-14,100.0,133.9,300.0,146.24,11.74070001
2022-12-15,100.0,133.95,300.0,146.32,11.74385001
2022-12-16,100.0,154.0,300.0,146.4,14.648400012
2022-12-17,100.0,134.05,300.0,146.48000000000002,11.75015001
2022-12-18,100.0,134.1,300.0,146.56,11.753300009999998
2022-12-19,100.0,134.15,300.0,146.64,11.75645001
2022-12-20,100.0,134.2,300.0,146.72,11.75960001
2022-12-21,100.0,134.25,300.0,146.8,11.76275001
2022-12-22,100.0,134.3,300.0,146.88,11.765900010000001
2022-12-23,100.0,134.35,300.0,146.96,11.76905001
2022-12-24,100.0,134.4,300.0,147.04000000000002,11.77220001
2022-12-25,100.0,134.45,300.0,147.12,11.77535001
2022-12-26,100.0,134.5,300.0,147.2,11.77850001
2022-12-27,100.0,134.55,300.0,147.28,11.78165001
2022-12-28,100.0,134.6,300.0,150.0,11.85080001
2022-12-29,100.0,134.65,300.0,147.44,11.78795001
2022-12-30,100.0,134.7,300.0,147.51999999999998,11.791100009999997
2022-12-31,100.0,134.75,300.0,147.60000000000002,11.79425001
2023-01-01,100.0,134.8,300.0,147.68,11.79740001
